ticket_id,created_date,category,priority,status,resolution_hours,agent,satisfaction_1to5
T5000,2023-08-18,Security,Critical,Resolved,2.8,Agent B,1.0
T5001,2023-09-26,Access,Low,Resolved,39.5,Agent E,5.0
T5002,2023-07-10,Email,Low,Resolved,69.3,Agent E,5.0
T5003,2023-07-18,Software,Critical,Open,1.2,Agent C,
T5004,2023-12-30,Email,Low,Resolved,54.1,Agent D,5.0
T5005,2024-04-26,Security,Critical,Resolved,0.9,Agent C,1.0
T5006,2024-05-28,Network,High,Resolved,8.9,Agent E,1.0
T5007,2023-09-25,Email,Critical,Resolved,2.1,Agent A,1.0
T5008,2023-10-06,Security,Critical,Resolved,3.4,Agent C,4.0
T5009,2024-05-22,Software,High,Resolved,6.0,Agent D,1.0
T5010,2024-01-26,Email,Critical,Resolved,0.5,Agent A,5.0
T5011,2023-12-21,Network,High,Escalated,9.0,Agent E,
T5012,2023-10-17,Software,High,Resolved,9.0,Agent D,2.0
T5013,2023-09-11,Hardware,Low,Resolved,35.3,Agent E,5.0
T5014,2024-06-25,Access,High,Open,7.1,Agent C,
T5015,2024-01-09,Email,Critical,Resolved,1.8,Agent E,1.0
T5016,2023-10-25,Security,Critical,Resolved,2.5,Agent C,1.0
T5017,2024-05-22,Hardware,High,Resolved,7.1,Agent A,4.0
T5018,2024-03-23,Security,Low,Resolved,52.3,Agent A,1.0
T5019,2023-10-09,Access,High,Resolved,16.1,Agent E,3.0
T5020,2023-12-23,Email,Medium,Open,32.6,Agent D,
T5021,2024-03-04,Access,Critical,Resolved,2.6,Agent E,4.0
T5022,2023-08-04,Email,High,Resolved,9.3,Agent A,5.0
T5023,2024-06-21,Software,High,Resolved,7.5,Agent A,1.0
T5024,2024-03-04,Network,Medium,Resolved,18.2,Agent C,1.0
T5025,2023-11-29,Security,High,Open,10.3,Agent E,
T5026,2023-07-28,Access,Medium,Resolved,29.5,Agent E,5.0
T5027,2023-11-27,Software,Medium,Resolved,30.2,Agent A,1.0
T5028,2023-08-06,Security,Low,Resolved,47.1,Agent A,3.0
T5029,2023-08-20,Security,Critical,Resolved,1.4,Agent A,2.0
T5030,2023-07-30,Network,Low,Open,80.5,Agent D,
T5031,2023-12-26,Hardware,Low,Resolved,57.3,Agent B,4.0
T5032,2023-09-30,Software,Critical,Resolved,1.9,Agent E,5.0
T5033,2023-11-16,Network,Medium,Resolved,32.4,Agent D,4.0
T5034,2023-12-10,Email,Low,Resolved,26.5,Agent E,4.0
T5035,2023-12-07,Email,Low,Resolved,23.9,Agent A,2.0
T5036,2023-07-28,Software,Critical,Open,1.8,Agent E,
T5037,2024-04-28,Access,Low,Resolved,59.6,Agent E,3.0
T5038,2024-06-14,Network,Medium,Resolved,28.0,Agent C,1.0
T5039,2023-11-27,Network,Medium,Resolved,26.2,Agent A,1.0
T5040,2024-02-06,Email,Low,Resolved,57.1,Agent D,3.0
T5041,2024-01-24,Email,Critical,Resolved,3.1,Agent B,5.0
T5042,2024-06-16,Access,Low,Resolved,49.3,Agent E,4.0
T5043,2024-03-18,Software,Medium,Resolved,29.1,Agent B,2.0
T5044,2023-07-07,Email,Medium,Resolved,16.7,Agent D,1.0
T5045,2023-09-24,Network,Critical,Resolved,3.6,Agent D,1.0
T5046,2023-09-07,Hardware,Medium,Resolved,37.1,Agent E,1.0
T5047,2024-06-06,Software,Critical,Resolved,3.0,Agent D,1.0
T5048,2023-10-23,Hardware,Medium,Resolved,9.0,Agent B,2.0
T5049,2023-10-14,Network,Critical,Resolved,1.7,Agent C,1.0
T5050,2023-08-27,Access,High,Resolved,4.9,Agent E,3.0
T5051,2023-12-17,Access,High,Resolved,13.4,Agent A,4.0
T5052,2024-06-12,Hardware,Critical,Open,2.3,Agent C,
T5053,2023-07-11,Email,Medium,Resolved,24.0,Agent D,2.0
T5054,2024-03-22,Network,High,Resolved,12.1,Agent A,2.0
T5055,2023-08-15,Network,Low,Resolved,66.7,Agent B,5.0
T5056,2023-12-17,Software,Medium,Resolved,33.6,Agent C,3.0
T5057,2024-04-01,Email,Medium,Resolved,30.1,Agent D,3.0
T5058,2023-12-20,Software,Medium,Resolved,26.8,Agent B,4.0
T5059,2024-04-25,Security,Critical,Resolved,2.4,Agent E,4.0
T5060,2023-12-05,Software,High,Escalated,4.8,Agent E,
T5061,2023-07-27,Software,Medium,Open,29.6,Agent B,
T5062,2023-08-08,Security,High,Resolved,11.2,Agent D,2.0
T5063,2024-03-24,Email,High,Resolved,10.9,Agent D,1.0
T5064,2023-10-04,Email,Medium,Resolved,35.0,Agent A,1.0
T5065,2024-03-02,Security,Low,Resolved,60.9,Agent C,3.0
T5066,2024-05-18,Security,Critical,Resolved,1.2,Agent E,4.0
T5067,2024-05-25,Software,High,Resolved,8.8,Agent A,1.0
T5068,2024-04-18,Security,Medium,Resolved,17.8,Agent B,3.0
T5069,2023-11-03,Network,Medium,Resolved,21.2,Agent A,5.0
T5070,2023-07-15,Hardware,High,Resolved,7.0,Agent C,5.0
T5071,2024-02-12,Software,Low,Resolved,42.6,Agent A,3.0
T5072,2023-10-25,Software,High,Resolved,9.1,Agent D,4.0
T5073,2023-07-18,Network,High,Resolved,9.9,Agent D,2.0
T5074,2024-03-20,Security,Medium,Open,29.7,Agent B,
T5075,2024-03-24,Hardware,High,Resolved,8.9,Agent C,4.0
T5076,2023-11-10,Access,Low,Resolved,10.4,Agent D,2.0
T5077,2023-12-11,Software,Critical,Resolved,1.9,Agent A,1.0
T5078,2024-04-09,Software,High,Resolved,6.3,Agent E,2.0
T5079,2024-06-19,Security,Medium,Resolved,17.9,Agent A,1.0
T5080,2024-01-23,Access,Low,Resolved,25.9,Agent D,5.0
T5081,2024-03-03,Software,High,Resolved,7.6,Agent A,5.0
T5082,2024-01-03,Email,High,Resolved,7.3,Agent B,5.0
T5083,2023-07-26,Email,Medium,Resolved,21.6,Agent E,1.0
T5084,2023-12-28,Network,Critical,Resolved,1.8,Agent E,2.0
T5085,2024-03-20,Network,Low,Resolved,42.4,Agent C,1.0
T5086,2024-03-17,Hardware,Low,Escalated,65.5,Agent A,
T5087,2023-10-16,Hardware,High,Resolved,9.8,Agent C,4.0
T5088,2024-03-20,Security,Low,Resolved,53.2,Agent D,4.0
T5089,2024-05-15,Security,Medium,Resolved,39.6,Agent A,4.0
T5090,2023-08-06,Network,Critical,Resolved,2.6,Agent C,2.0
T5091,2024-03-13,Security,Critical,Resolved,1.8,Agent B,4.0
T5092,2023-09-21,Access,Medium,Resolved,24.7,Agent B,5.0
T5093,2023-07-19,Hardware,High,Resolved,6.2,Agent B,2.0
T5094,2024-05-20,Security,Medium,Resolved,19.6,Agent B,2.0
T5095,2023-07-06,Hardware,Medium,Resolved,26.6,Agent D,5.0
T5096,2024-03-11,Hardware,Medium,Resolved,21.8,Agent B,1.0
T5097,2023-08-03,Software,Critical,Resolved,1.9,Agent B,3.0
T5098,2023-11-20,Security,Medium,Resolved,18.0,Agent D,5.0
T5099,2023-12-13,Software,High,Resolved,9.0,Agent B,5.0
T5100,2023-08-28,Security,Medium,Resolved,25.0,Agent B,5.0
T5101,2024-01-02,Network,Low,Resolved,69.3,Agent B,5.0
T5102,2023-10-26,Security,Medium,Resolved,7.2,Agent D,1.0
T5103,2024-04-24,Access,Medium,Resolved,24.4,Agent C,4.0
T5104,2023-07-11,Hardware,High,Resolved,6.1,Agent A,5.0
T5105,2024-05-20,Hardware,High,Resolved,4.8,Agent A,4.0
T5106,2024-06-09,Security,High,Resolved,5.5,Agent A,3.0
T5107,2024-06-17,Software,High,Resolved,9.8,Agent E,4.0
T5108,2023-08-25,Network,High,Resolved,5.3,Agent A,1.0
T5109,2024-06-12,Hardware,Low,Resolved,84.2,Agent D,4.0
T5110,2024-01-04,Hardware,High,Escalated,7.1,Agent E,
T5111,2024-04-24,Network,Low,Resolved,43.6,Agent D,1.0
T5112,2023-11-17,Access,Medium,Resolved,42.3,Agent C,3.0
T5113,2024-04-10,Hardware,High,Open,14.7,Agent C,
T5114,2023-08-06,Security,High,Resolved,6.3,Agent A,1.0
T5115,2023-09-05,Software,Low,Resolved,24.4,Agent D,4.0
T5116,2023-10-09,Software,High,Resolved,0.5,Agent E,1.0
T5117,2024-01-10,Security,Medium,Resolved,25.3,Agent C,3.0
T5118,2023-10-20,Security,High,Resolved,12.5,Agent C,3.0
T5119,2024-03-01,Network,Medium,Resolved,14.0,Agent E,4.0
T5120,2023-11-09,Network,High,Resolved,6.8,Agent A,5.0
T5121,2023-08-25,Hardware,Critical,Open,2.5,Agent B,
T5122,2023-08-05,Access,Critical,Resolved,1.8,Agent B,3.0
T5123,2024-03-28,Network,Low,Resolved,55.8,Agent B,5.0
T5124,2023-10-06,Software,Medium,Resolved,25.9,Agent D,1.0
T5125,2023-08-19,Hardware,Low,Open,85.5,Agent D,
T5126,2024-03-18,Software,Medium,Resolved,35.9,Agent A,5.0
T5127,2023-12-26,Hardware,Critical,Resolved,2.6,Agent A,4.0
T5128,2024-04-16,Security,Low,Resolved,22.2,Agent D,1.0
T5129,2023-09-08,Network,Low,Resolved,46.7,Agent B,4.0
T5130,2023-09-13,Security,Medium,Resolved,29.7,Agent A,3.0
T5131,2024-06-16,Access,High,Resolved,6.1,Agent D,3.0
T5132,2023-11-30,Hardware,High,Resolved,7.0,Agent D,2.0
T5133,2023-09-11,Email,Medium,Escalated,18.0,Agent E,
T5134,2024-05-09,Email,Low,Resolved,16.9,Agent A,4.0
T5135,2024-04-04,Security,High,Resolved,10.6,Agent C,2.0
T5136,2023-08-19,Email,Critical,Escalated,2.0,Agent D,
T5137,2024-04-23,Security,Medium,Resolved,33.7,Agent C,3.0
T5138,2024-01-24,Email,Low,Open,68.1,Agent B,
T5139,2024-01-09,Security,Critical,Resolved,1.0,Agent B,4.0
T5140,2023-10-28,Security,High,Resolved,12.3,Agent D,2.0
T5141,2023-10-08,Network,Medium,Resolved,35.8,Agent D,3.0
T5142,2024-02-13,Network,Low,Resolved,44.4,Agent B,5.0
T5143,2023-11-16,Email,Low,Resolved,25.1,Agent C,5.0
T5144,2023-12-28,Security,Low,Resolved,63.8,Agent C,1.0
T5145,2023-08-15,Security,Critical,Resolved,2.0,Agent D,1.0
T5146,2023-08-12,Software,Low,Resolved,45.6,Agent E,1.0
T5147,2023-07-13,Email,Low,Open,44.6,Agent A,
T5148,2024-01-16,Access,Medium,Open,36.3,Agent E,
T5149,2024-06-02,Email,Low,Resolved,43.4,Agent E,1.0
T5150,2023-07-25,Hardware,Critical,Open,1.3,Agent D,
T5151,2024-03-05,Email,Medium,Escalated,13.1,Agent B,
T5152,2023-11-08,Email,Critical,Resolved,1.9,Agent B,5.0
T5153,2024-04-27,Network,Low,Resolved,52.3,Agent A,2.0
T5154,2023-08-12,Network,Low,Resolved,69.3,Agent E,5.0
T5155,2024-05-09,Software,Critical,Resolved,2.5,Agent B,5.0
T5156,2023-12-27,Access,Low,Resolved,100.0,Agent B,4.0
T5157,2024-03-30,Email,Low,Open,74.3,Agent C,
T5158,2023-07-12,Software,High,Resolved,7.4,Agent C,2.0
T5159,2023-12-29,Security,Low,Open,67.9,Agent A,
T5160,2023-07-13,Software,High,Resolved,8.7,Agent E,3.0
T5161,2023-11-21,Network,Critical,Resolved,1.4,Agent E,5.0
T5162,2024-02-29,Network,Low,Resolved,65.0,Agent C,1.0
T5163,2023-12-29,Email,Low,Resolved,54.8,Agent B,3.0
T5164,2024-04-12,Network,High,Resolved,8.5,Agent D,1.0
T5165,2023-10-22,Hardware,Critical,Resolved,1.8,Agent A,3.0
T5166,2023-10-19,Access,Low,Resolved,44.5,Agent C,5.0
T5167,2024-02-02,Software,Medium,Resolved,40.9,Agent C,4.0
T5168,2023-08-31,Security,Critical,Open,2.9,Agent E,
T5169,2024-05-10,Network,High,Escalated,6.6,Agent A,
T5170,2023-07-05,Hardware,High,Escalated,8.6,Agent D,
T5171,2023-10-12,Email,Critical,Open,1.9,Agent A,
T5172,2023-07-05,Hardware,Medium,Resolved,4.9,Agent E,2.0
T5173,2023-08-08,Access,Critical,Escalated,1.0,Agent D,
T5174,2023-12-02,Access,Medium,Open,22.1,Agent E,
T5175,2023-09-07,Email,Low,Resolved,73.5,Agent E,4.0
T5176,2023-12-14,Software,High,Open,1.5,Agent E,
T5177,2024-02-20,Email,Low,Resolved,61.4,Agent C,5.0
T5178,2023-10-27,Security,Critical,Resolved,2.4,Agent D,4.0
T5179,2023-09-22,Access,High,Resolved,5.8,Agent C,3.0
T5180,2024-06-08,Email,Critical,Resolved,3.3,Agent A,1.0
T5181,2024-04-14,Software,Critical,Open,0.7,Agent E,
T5182,2023-09-14,Hardware,Medium,Resolved,24.2,Agent B,4.0
T5183,2024-01-24,Network,Critical,Resolved,0.9,Agent E,5.0
T5184,2023-11-20,Network,High,Resolved,11.4,Agent E,5.0
T5185,2023-08-14,Email,Medium,Escalated,21.4,Agent A,
T5186,2023-12-04,Email,Low,Open,55.1,Agent D,
T5187,2024-02-17,Security,Low,Resolved,40.1,Agent C,2.0
T5188,2023-09-06,Software,Medium,Resolved,27.3,Agent C,5.0
T5189,2023-08-04,Network,High,Resolved,11.5,Agent B,4.0
T5190,2023-10-05,Network,Critical,Resolved,2.1,Agent C,2.0
T5191,2023-08-04,Security,High,Open,7.2,Agent D,
T5192,2024-01-08,Email,High,Open,1.7,Agent B,
T5193,2024-02-28,Network,Medium,Resolved,27.2,Agent A,1.0
T5194,2023-09-21,Security,Critical,Resolved,0.5,Agent D,1.0
T5195,2023-09-20,Email,High,Open,7.7,Agent E,
T5196,2024-02-02,Hardware,Medium,Resolved,20.1,Agent C,3.0
T5197,2024-01-07,Network,High,Resolved,3.6,Agent B,2.0
T5198,2023-10-02,Email,Low,Resolved,45.2,Agent C,4.0
T5199,2024-06-21,Email,High,Escalated,5.7,Agent C,
T5200,2024-01-28,Security,Critical,Resolved,1.4,Agent A,5.0
T5201,2023-11-02,Access,High,Open,12.7,Agent C,
T5202,2023-08-05,Network,Low,Resolved,50.2,Agent C,5.0
T5203,2023-12-02,Software,Low,Resolved,25.2,Agent D,2.0
T5204,2024-02-13,Access,Medium,Open,26.1,Agent C,
T5205,2023-08-20,Email,Low,Resolved,25.1,Agent A,4.0
T5206,2023-10-29,Software,Low,Resolved,33.1,Agent E,4.0
T5207,2023-10-14,Network,Medium,Resolved,18.5,Agent C,2.0
T5208,2024-01-30,Email,Low,Resolved,73.9,Agent A,1.0
T5209,2024-03-27,Software,High,Resolved,6.3,Agent A,3.0
T5210,2023-08-27,Security,Critical,Resolved,1.9,Agent C,5.0
T5211,2024-06-29,Software,Low,Open,51.1,Agent A,
T5212,2024-06-12,Hardware,High,Resolved,7.1,Agent E,3.0
T5213,2023-10-28,Access,High,Escalated,8.3,Agent A,
T5214,2024-02-11,Hardware,High,Resolved,5.0,Agent C,1.0
T5215,2024-05-10,Hardware,Critical,Resolved,2.1,Agent C,1.0
T5216,2023-10-01,Software,Low,Resolved,84.9,Agent B,2.0
T5217,2023-11-04,Software,Low,Resolved,29.3,Agent C,2.0
T5218,2024-06-14,Access,High,Resolved,6.6,Agent E,2.0
T5219,2023-11-07,Email,Medium,Resolved,0.5,Agent E,4.0
T5220,2024-06-26,Email,High,Resolved,9.7,Agent E,4.0
T5221,2023-11-06,Network,Critical,Resolved,2.3,Agent C,5.0
T5222,2024-04-25,Security,Critical,Resolved,2.0,Agent C,5.0
T5223,2023-08-14,Email,High,Resolved,11.1,Agent A,2.0
T5224,2023-09-10,Email,Critical,Resolved,1.3,Agent C,4.0
T5225,2023-09-25,Software,Medium,Resolved,8.6,Agent A,2.0
T5226,2023-11-18,Hardware,Medium,Resolved,35.8,Agent E,5.0
T5227,2023-09-29,Email,Medium,Resolved,25.5,Agent B,4.0
T5228,2023-08-18,Network,High,Resolved,7.0,Agent B,1.0
T5229,2024-05-07,Security,Medium,Resolved,13.8,Agent C,4.0
T5230,2024-02-29,Security,Medium,Resolved,12.7,Agent D,1.0
T5231,2023-11-20,Software,High,Open,11.2,Agent D,
T5232,2024-04-20,Access,Medium,Resolved,15.1,Agent A,4.0
T5233,2024-05-02,Hardware,Low,Resolved,58.5,Agent D,5.0
T5234,2023-12-10,Security,High,Resolved,3.1,Agent E,2.0
T5235,2023-12-27,Access,Critical,Open,2.4,Agent D,
T5236,2023-12-01,Security,Medium,Resolved,43.6,Agent A,1.0
T5237,2023-11-22,Network,Critical,Resolved,2.7,Agent C,5.0
T5238,2024-02-15,Software,High,Resolved,3.4,Agent C,4.0
T5239,2024-04-07,Network,Critical,Resolved,2.4,Agent E,4.0
T5240,2023-09-02,Software,Critical,Open,3.1,Agent C,
T5241,2023-07-01,Software,High,Resolved,15.5,Agent C,2.0
T5242,2023-09-20,Hardware,Critical,Open,1.0,Agent B,
T5243,2024-05-15,Software,High,Resolved,7.9,Agent E,4.0
T5244,2024-02-24,Access,Medium,Resolved,18.0,Agent B,1.0
T5245,2023-08-07,Security,High,Resolved,3.9,Agent D,5.0
T5246,2023-10-03,Software,Critical,Open,1.9,Agent C,
T5247,2023-09-05,Security,Low,Resolved,46.0,Agent B,1.0
T5248,2024-06-02,Hardware,Medium,Open,5.3,Agent B,
T5249,2024-02-14,Email,High,Resolved,10.4,Agent B,5.0
T5250,2023-10-27,Access,Critical,Resolved,1.8,Agent C,1.0
T5251,2023-12-22,Security,Critical,Open,1.1,Agent A,
T5252,2023-07-11,Email,Medium,Resolved,19.7,Agent A,4.0
T5253,2023-08-20,Hardware,Medium,Resolved,11.3,Agent B,4.0
T5254,2024-05-22,Email,Critical,Resolved,2.6,Agent A,2.0
T5255,2024-02-03,Hardware,High,Resolved,6.6,Agent A,3.0
T5256,2023-08-20,Hardware,Critical,Escalated,3.0,Agent E,
T5257,2023-12-15,Access,Low,Resolved,33.5,Agent E,3.0
T5258,2024-03-14,Software,Low,Resolved,56.5,Agent D,3.0
T5259,2023-12-22,Hardware,High,Escalated,3.4,Agent B,
T5260,2023-07-23,Security,Low,Resolved,35.3,Agent B,1.0
T5261,2023-09-17,Hardware,High,Resolved,5.5,Agent A,4.0
T5262,2024-06-17,Software,Low,Resolved,47.5,Agent E,1.0
T5263,2024-01-16,Network,High,Resolved,11.2,Agent A,5.0
T5264,2023-11-16,Security,Critical,Resolved,2.6,Agent E,3.0
T5265,2024-04-19,Network,Critical,Escalated,1.8,Agent C,
T5266,2023-11-29,Access,Critical,Resolved,2.6,Agent D,3.0
T5267,2023-08-17,Access,Medium,Resolved,13.0,Agent D,4.0
T5268,2023-12-01,Access,Medium,Open,13.6,Agent A,
T5269,2023-08-02,Software,High,Resolved,6.0,Agent D,5.0
T5270,2024-03-09,Software,Medium,Resolved,26.5,Agent A,5.0
T5271,2024-01-14,Email,Low,Open,46.5,Agent A,
T5272,2024-06-24,Access,High,Resolved,5.7,Agent D,3.0
T5273,2023-09-13,Email,High,Resolved,11.3,Agent E,5.0
T5274,2023-10-09,Hardware,Critical,Resolved,1.3,Agent D,3.0
T5275,2024-06-08,Email,High,Resolved,4.6,Agent D,1.0
T5276,2024-03-08,Software,Critical,Resolved,3.1,Agent A,4.0
T5277,2024-03-31,Access,High,Resolved,7.3,Agent C,4.0
T5278,2024-04-13,Hardware,Medium,Open,0.9,Agent C,
T5279,2023-11-15,Network,Critical,Open,1.2,Agent C,
T5280,2023-10-16,Email,Critical,Resolved,1.9,Agent B,1.0
T5281,2023-08-23,Hardware,High,Resolved,9.7,Agent E,5.0
T5282,2023-08-15,Software,High,Resolved,3.7,Agent B,3.0
T5283,2023-11-17,Software,Critical,Resolved,1.4,Agent A,4.0
T5284,2023-10-20,Network,Critical,Resolved,2.2,Agent D,3.0
T5285,2023-09-08,Hardware,Critical,Resolved,2.3,Agent C,3.0
T5286,2024-06-23,Access,Low,Resolved,44.6,Agent E,4.0
T5287,2024-04-22,Email,High,Resolved,9.9,Agent A,5.0
T5288,2024-06-29,Network,Critical,Resolved,2.0,Agent D,3.0
T5289,2024-01-24,Security,Low,Resolved,48.3,Agent D,5.0
T5290,2023-10-30,Security,Medium,Resolved,24.5,Agent B,3.0
T5291,2023-12-20,Hardware,Medium,Resolved,22.3,Agent E,5.0
T5292,2023-09-19,Security,Medium,Resolved,3.7,Agent E,3.0
T5293,2024-04-08,Network,Critical,Resolved,1.8,Agent E,1.0
T5294,2023-11-10,Software,Low,Resolved,51.2,Agent A,2.0
T5295,2024-06-28,Email,Medium,Resolved,37.8,Agent E,1.0
T5296,2024-06-03,Network,High,Resolved,7.4,Agent C,5.0
T5297,2024-03-12,Access,Low,Resolved,47.0,Agent D,3.0
T5298,2024-02-29,Hardware,Medium,Resolved,31.0,Agent C,5.0
T5299,2024-03-25,Email,High,Open,8.6,Agent D,
T5300,2024-03-12,Access,High,Resolved,10.5,Agent C,2.0
T5301,2023-09-10,Access,Critical,Resolved,1.1,Agent C,3.0
T5302,2024-04-07,Network,Medium,Resolved,40.6,Agent E,3.0
T5303,2024-05-21,Software,Medium,Escalated,14.8,Agent E,
T5304,2023-10-06,Network,Low,Resolved,37.2,Agent C,5.0
T5305,2024-06-17,Hardware,Low,Resolved,16.3,Agent D,4.0
T5306,2024-03-25,Access,Critical,Resolved,2.2,Agent A,2.0
T5307,2024-01-31,Hardware,Critical,Open,1.8,Agent D,
T5308,2023-07-04,Access,Critical,Resolved,1.7,Agent A,5.0
T5309,2023-07-01,Access,Critical,Resolved,2.1,Agent E,5.0
T5310,2023-11-15,Hardware,Medium,Resolved,22.7,Agent D,5.0
T5311,2023-09-13,Email,Low,Open,43.8,Agent C,
T5312,2023-10-20,Email,High,Resolved,5.0,Agent D,1.0
T5313,2024-02-17,Hardware,Low,Resolved,45.3,Agent A,2.0
T5314,2024-04-17,Email,Low,Resolved,37.7,Agent A,3.0
T5315,2024-04-03,Software,Critical,Resolved,1.7,Agent B,1.0
T5316,2024-01-26,Security,High,Resolved,4.8,Agent A,2.0
T5317,2024-04-07,Email,Critical,Open,1.7,Agent B,
T5318,2023-11-15,Access,Low,Open,46.2,Agent B,
T5319,2023-09-21,Network,High,Resolved,8.4,Agent A,5.0
T5320,2024-02-02,Software,High,Resolved,3.1,Agent A,3.0
T5321,2024-05-31,Network,Critical,Resolved,3.0,Agent C,3.0
T5322,2023-10-25,Email,Critical,Resolved,3.0,Agent D,2.0
T5323,2023-07-15,Security,Low,Resolved,58.5,Agent B,1.0
T5324,2024-02-16,Access,Critical,Open,2.3,Agent C,
T5325,2023-11-27,Network,Medium,Resolved,26.8,Agent B,1.0
T5326,2024-03-18,Email,High,Open,14.7,Agent D,
T5327,2024-05-02,Security,Medium,Resolved,12.0,Agent C,4.0
T5328,2024-02-18,Software,Critical,Open,2.8,Agent E,
T5329,2023-08-11,Security,Low,Resolved,51.7,Agent A,3.0
T5330,2024-03-17,Email,Low,Resolved,37.7,Agent E,2.0
T5331,2023-08-01,Network,Low,Resolved,31.9,Agent D,5.0
T5332,2024-05-02,Network,Medium,Resolved,39.6,Agent E,5.0
T5333,2024-04-05,Email,Critical,Resolved,1.5,Agent D,2.0
T5334,2024-04-12,Software,Medium,Resolved,11.7,Agent D,1.0
T5335,2024-04-22,Security,Low,Resolved,49.2,Agent A,2.0
T5336,2023-07-27,Email,Critical,Resolved,3.0,Agent E,2.0
T5337,2024-05-29,Security,Medium,Resolved,18.1,Agent C,2.0
T5338,2023-12-16,Software,Medium,Resolved,19.0,Agent B,3.0
T5339,2023-09-22,Email,Low,Resolved,36.5,Agent B,3.0
T5340,2023-08-23,Hardware,Low,Resolved,25.9,Agent C,1.0
T5341,2024-03-22,Security,Critical,Resolved,3.0,Agent B,1.0
T5342,2024-04-15,Hardware,Medium,Resolved,10.9,Agent D,4.0
T5343,2024-06-15,Network,Medium,Open,26.3,Agent C,
T5344,2024-06-23,Security,Medium,Resolved,22.8,Agent C,3.0
T5345,2023-08-31,Network,Medium,Resolved,31.4,Agent B,5.0
T5346,2024-05-28,Access,Low,Resolved,68.9,Agent B,1.0
T5347,2023-08-09,Security,High,Resolved,7.0,Agent E,1.0
T5348,2024-05-24,Security,Low,Resolved,49.0,Agent B,1.0
T5349,2023-08-25,Security,Medium,Resolved,19.7,Agent D,5.0
T5350,2024-01-25,Hardware,Low,Open,28.5,Agent A,
T5351,2023-08-22,Security,Medium,Escalated,18.9,Agent E,
T5352,2024-05-11,Email,Low,Resolved,32.7,Agent C,2.0
T5353,2023-11-14,Hardware,Critical,Open,2.0,Agent A,
T5354,2024-01-02,Software,Critical,Resolved,1.6,Agent C,2.0
T5355,2023-07-02,Email,Low,Resolved,39.5,Agent D,1.0
T5356,2024-01-23,Network,Medium,Resolved,16.4,Agent C,2.0
T5357,2023-07-05,Hardware,Low,Escalated,83.4,Agent C,
T5358,2023-10-01,Software,Medium,Resolved,19.7,Agent A,3.0
T5359,2024-01-07,Software,High,Resolved,10.0,Agent D,2.0
T5360,2024-02-19,Software,High,Resolved,12.9,Agent B,3.0
T5361,2023-11-09,Hardware,High,Resolved,9.4,Agent E,1.0
T5362,2024-02-18,Access,Low,Resolved,29.2,Agent A,2.0
T5363,2023-10-02,Software,Critical,Resolved,3.0,Agent A,1.0
T5364,2024-02-19,Hardware,Low,Resolved,40.0,Agent B,2.0
T5365,2023-11-16,Access,High,Resolved,10.0,Agent B,1.0
T5366,2024-06-01,Network,Medium,Resolved,27.7,Agent A,5.0
T5367,2023-11-19,Network,Low,Open,47.2,Agent D,
T5368,2023-11-15,Network,Medium,Resolved,37.1,Agent A,2.0
T5369,2023-11-10,Software,Low,Resolved,44.1,Agent C,5.0
T5370,2023-11-01,Email,Low,Resolved,53.2,Agent B,4.0
T5371,2024-01-26,Software,Low,Resolved,46.5,Agent C,1.0
T5372,2024-04-19,Software,High,Resolved,6.9,Agent B,1.0
T5373,2024-04-12,Software,Medium,Resolved,11.8,Agent E,5.0
T5374,2023-12-30,Email,Medium,Open,36.3,Agent A,
T5375,2023-11-07,Hardware,Low,Resolved,39.4,Agent E,3.0
T5376,2023-09-30,Software,Medium,Resolved,22.5,Agent B,2.0
T5377,2023-08-28,Software,High,Escalated,1.1,Agent D,
T5378,2023-10-06,Access,Low,Resolved,40.1,Agent A,3.0
T5379,2024-02-09,Hardware,Medium,Resolved,27.5,Agent E,2.0
T5380,2024-02-09,Email,Low,Open,74.9,Agent A,
T5381,2023-07-20,Email,High,Escalated,8.2,Agent A,
T5382,2023-11-23,Software,Medium,Resolved,5.3,Agent C,2.0
T5383,2023-08-06,Hardware,Critical,Resolved,2.1,Agent B,2.0
T5384,2024-05-29,Hardware,High,Escalated,7.4,Agent D,
T5385,2023-10-03,Access,Low,Resolved,67.2,Agent B,4.0
T5386,2024-02-20,Software,Medium,Resolved,15.0,Agent C,4.0
T5387,2023-07-23,Software,Medium,Resolved,25.6,Agent B,5.0
T5388,2024-02-17,Security,High,Resolved,6.2,Agent A,4.0
T5389,2023-08-12,Hardware,Critical,Resolved,3.1,Agent E,3.0
T5390,2024-04-13,Network,Low,Resolved,51.6,Agent A,4.0
T5391,2024-01-03,Software,Low,Open,79.8,Agent D,
T5392,2024-02-17,Hardware,High,Resolved,8.4,Agent D,3.0
T5393,2023-07-02,Security,Critical,Resolved,2.5,Agent C,3.0
T5394,2024-05-03,Hardware,Critical,Open,1.6,Agent E,
T5395,2024-06-19,Software,Critical,Resolved,2.8,Agent E,4.0
T5396,2023-12-12,Network,Low,Resolved,55.6,Agent C,2.0
T5397,2023-07-07,Software,Medium,Resolved,24.5,Agent D,1.0
T5398,2024-05-31,Email,Medium,Open,29.1,Agent E,
T5399,2024-06-28,Security,Low,Resolved,69.5,Agent D,1.0
T5400,2023-10-05,Security,High,Open,7.8,Agent D,
T5401,2023-08-15,Hardware,Medium,Resolved,25.9,Agent C,1.0
T5402,2023-08-11,Security,Critical,Resolved,2.3,Agent A,1.0
T5403,2023-09-19,Network,Critical,Resolved,2.1,Agent A,1.0
T5404,2023-12-02,Access,Critical,Resolved,0.9,Agent C,4.0
T5405,2023-07-03,Access,Medium,Resolved,23.8,Agent B,1.0
T5406,2024-02-12,Hardware,High,Resolved,15.0,Agent D,3.0
T5407,2023-08-11,Email,Low,Resolved,79.1,Agent A,2.0
T5408,2023-12-16,Network,Medium,Resolved,36.3,Agent D,3.0
T5409,2024-04-11,Access,Medium,Resolved,23.7,Agent A,5.0
T5410,2023-09-20,Access,Medium,Resolved,32.4,Agent C,5.0
T5411,2023-07-12,Software,High,Resolved,6.6,Agent C,1.0
T5412,2024-02-08,Email,Critical,Resolved,2.3,Agent C,5.0
T5413,2024-02-06,Email,Medium,Open,25.2,Agent B,
T5414,2024-06-25,Access,Low,Resolved,31.0,Agent B,3.0
T5415,2023-08-28,Hardware,Medium,Resolved,10.5,Agent C,4.0
T5416,2024-02-10,Security,High,Resolved,3.7,Agent E,1.0
T5417,2024-02-13,Security,Critical,Resolved,2.5,Agent C,2.0
T5418,2024-05-15,Security,Critical,Resolved,1.7,Agent E,5.0
T5419,2024-05-23,Network,Critical,Resolved,3.3,Agent C,5.0
T5420,2024-05-31,Network,High,Resolved,2.3,Agent D,5.0
T5421,2023-07-22,Email,Low,Open,69.1,Agent D,
T5422,2023-10-05,Access,High,Resolved,6.5,Agent A,5.0
T5423,2023-09-01,Hardware,Low,Resolved,75.0,Agent D,5.0
T5424,2024-03-26,Network,Medium,Resolved,40.1,Agent D,2.0
T5425,2024-01-26,Hardware,High,Resolved,5.2,Agent A,5.0
T5426,2024-05-22,Network,Medium,Resolved,29.5,Agent E,3.0
T5427,2023-07-13,Email,Low,Escalated,62.0,Agent B,
T5428,2023-10-08,Security,High,Resolved,10.5,Agent B,4.0
T5429,2024-06-04,Network,Low,Resolved,3.1,Agent D,4.0
T5430,2024-06-30,Security,Low,Resolved,46.5,Agent D,5.0
T5431,2024-04-11,Access,High,Resolved,9.1,Agent C,1.0
T5432,2023-10-03,Network,Medium,Open,32.7,Agent D,
T5433,2023-09-27,Hardware,High,Open,8.9,Agent B,
T5434,2024-04-14,Email,Low,Resolved,41.0,Agent E,4.0
T5435,2024-04-10,Software,High,Open,10.4,Agent E,
T5436,2024-03-15,Network,Critical,Resolved,1.4,Agent C,5.0
T5437,2024-06-12,Security,Medium,Resolved,18.2,Agent D,2.0
T5438,2024-02-10,Software,High,Open,3.0,Agent D,
T5439,2023-08-14,Hardware,High,Resolved,7.9,Agent C,4.0
T5440,2024-05-30,Access,Critical,Resolved,1.8,Agent B,3.0
T5441,2024-03-30,Email,Critical,Resolved,2.3,Agent D,4.0
T5442,2024-01-03,Security,Medium,Resolved,43.6,Agent C,2.0
T5443,2023-07-21,Hardware,Medium,Resolved,0.5,Agent E,5.0
T5444,2023-07-05,Access,Critical,Resolved,1.2,Agent C,1.0
T5445,2023-10-07,Access,High,Resolved,12.6,Agent D,4.0
T5446,2024-02-02,Email,High,Open,9.3,Agent A,
T5447,2024-06-19,Network,Critical,Resolved,2.4,Agent A,2.0
T5448,2023-10-04,Email,High,Resolved,2.5,Agent C,2.0
T5449,2024-03-07,Network,Medium,Open,12.6,Agent E,
T5450,2024-01-08,Hardware,Critical,Open,2.2,Agent A,
T5451,2023-10-28,Network,Medium,Resolved,36.7,Agent A,3.0
T5452,2024-04-12,Access,Critical,Open,2.9,Agent C,
T5453,2024-05-28,Access,Critical,Resolved,1.9,Agent C,1.0
T5454,2023-07-01,Network,Medium,Resolved,27.4,Agent B,3.0
T5455,2024-04-10,Email,Critical,Resolved,1.1,Agent C,1.0
T5456,2024-05-24,Software,Medium,Resolved,35.0,Agent A,2.0
T5457,2023-11-04,Access,Low,Resolved,30.6,Agent E,1.0
T5458,2023-11-10,Security,Medium,Resolved,33.2,Agent D,5.0
T5459,2024-05-08,Software,High,Resolved,10.2,Agent B,3.0
T5460,2023-12-14,Software,Medium,Resolved,33.3,Agent B,5.0
T5461,2023-07-08,Email,Low,Open,39.5,Agent A,
T5462,2023-08-08,Security,Critical,Open,2.1,Agent B,
T5463,2023-07-26,Security,Critical,Resolved,2.3,Agent C,1.0
T5464,2023-08-07,Security,Low,Resolved,40.4,Agent E,5.0
T5465,2023-12-16,Email,High,Resolved,4.2,Agent B,4.0
T5466,2024-04-18,Network,Low,Resolved,5.1,Agent E,5.0
T5467,2023-11-23,Hardware,High,Resolved,2.5,Agent E,3.0
T5468,2023-10-24,Hardware,Low,Open,22.8,Agent C,
T5469,2023-12-09,Software,Low,Resolved,25.3,Agent B,4.0
T5470,2023-07-20,Access,High,Resolved,10.1,Agent D,3.0
T5471,2024-02-16,Email,Low,Resolved,54.5,Agent D,3.0
T5472,2024-04-04,Hardware,Critical,Resolved,2.4,Agent C,4.0
T5473,2023-10-21,Network,Medium,Resolved,12.2,Agent B,2.0
T5474,2023-07-14,Network,Low,Resolved,23.4,Agent B,1.0
T5475,2024-04-11,Hardware,High,Resolved,10.5,Agent A,2.0
T5476,2023-11-10,Security,High,Resolved,3.4,Agent E,4.0
T5477,2023-11-27,Hardware,Critical,Resolved,3.1,Agent E,4.0
T5478,2024-03-13,Access,Medium,Resolved,30.9,Agent A,1.0
T5479,2023-09-22,Network,High,Resolved,9.0,Agent C,4.0
T5480,2024-03-30,Hardware,Critical,Resolved,2.9,Agent D,1.0
T5481,2024-06-28,Access,Critical,Resolved,1.0,Agent E,5.0
T5482,2024-03-16,Software,Low,Resolved,39.9,Agent C,3.0
T5483,2024-06-10,Software,Low,Resolved,50.5,Agent E,1.0
T5484,2023-12-15,Hardware,Critical,Resolved,1.7,Agent B,1.0
T5485,2024-03-16,Network,Medium,Resolved,30.2,Agent C,3.0
T5486,2023-09-07,Security,Low,Open,35.4,Agent E,
T5487,2024-05-16,Security,Low,Resolved,55.3,Agent B,4.0
T5488,2024-02-28,Access,Low,Open,54.1,Agent E,
T5489,2023-09-08,Network,High,Resolved,7.2,Agent E,2.0
T5490,2024-04-15,Security,High,Escalated,11.2,Agent C,
T5491,2023-09-19,Hardware,Low,Resolved,75.7,Agent C,5.0
T5492,2023-11-12,Access,Low,Resolved,44.6,Agent D,1.0
T5493,2024-05-24,Hardware,High,Resolved,6.9,Agent B,4.0
T5494,2024-01-23,Network,Critical,Resolved,2.9,Agent A,4.0
T5495,2023-08-25,Network,High,Resolved,7.9,Agent B,1.0
T5496,2023-08-05,Hardware,High,Resolved,7.5,Agent B,3.0
T5497,2024-02-16,Network,High,Resolved,11.1,Agent B,4.0
T5498,2024-01-13,Security,High,Escalated,9.2,Agent E,
T5499,2024-05-21,Access,Critical,Resolved,2.7,Agent D,2.0
T5500,2024-06-10,Software,Medium,Resolved,25.4,Agent B,2.0
T5501,2023-12-15,Security,Critical,Resolved,1.9,Agent A,4.0
T5502,2024-05-31,Access,Low,Resolved,37.5,Agent E,2.0
T5503,2023-07-25,Email,Low,Open,49.0,Agent C,
T5504,2023-08-20,Email,Critical,Resolved,2.5,Agent B,5.0
T5505,2023-10-29,Hardware,Medium,Resolved,32.3,Agent C,1.0
T5506,2023-09-15,Access,Low,Resolved,52.2,Agent B,4.0
T5507,2024-03-14,Software,Critical,Resolved,2.1,Agent E,1.0
T5508,2024-06-23,Security,Critical,Resolved,1.8,Agent E,5.0
T5509,2023-11-20,Security,Low,Open,58.8,Agent B,
T5510,2024-04-07,Access,Medium,Resolved,9.2,Agent D,4.0
T5511,2024-03-17,Security,Critical,Resolved,1.0,Agent A,1.0
T5512,2023-12-07,Access,Critical,Resolved,2.1,Agent B,2.0
T5513,2024-06-14,Software,Low,Resolved,66.8,Agent B,2.0
T5514,2023-12-25,Security,Low,Resolved,69.3,Agent B,4.0
T5515,2024-02-18,Hardware,Low,Resolved,38.2,Agent D,2.0
T5516,2024-02-04,Software,Medium,Resolved,30.7,Agent A,3.0
T5517,2023-08-17,Email,Critical,Resolved,2.8,Agent B,3.0
T5518,2024-05-25,Access,Low,Resolved,53.9,Agent A,5.0
T5519,2024-01-30,Security,Low,Resolved,72.3,Agent E,3.0
T5520,2023-11-18,Software,High,Resolved,4.3,Agent D,5.0
T5521,2024-01-18,Hardware,Low,Open,40.5,Agent E,
T5522,2024-05-29,Security,Low,Resolved,76.6,Agent E,2.0
T5523,2023-07-23,Email,Low,Resolved,36.8,Agent E,5.0
T5524,2023-12-24,Email,High,Resolved,6.2,Agent A,3.0
T5525,2023-12-23,Email,Medium,Resolved,14.9,Agent E,2.0
T5526,2023-07-06,Access,Medium,Resolved,29.2,Agent B,3.0
T5527,2023-09-28,Security,Critical,Escalated,1.8,Agent E,
T5528,2024-06-21,Hardware,High,Resolved,10.6,Agent A,5.0
T5529,2024-02-15,Security,Medium,Open,14.0,Agent A,
T5530,2023-10-11,Hardware,High,Resolved,11.0,Agent C,1.0
T5531,2023-09-24,Network,Medium,Resolved,9.2,Agent E,2.0
T5532,2024-02-27,Network,Medium,Resolved,12.8,Agent A,5.0
T5533,2024-05-03,Hardware,Low,Resolved,46.8,Agent E,2.0
T5534,2024-05-09,Software,Critical,Resolved,2.5,Agent D,5.0
T5535,2024-04-02,Email,Medium,Open,14.3,Agent A,
T5536,2024-02-24,Hardware,Low,Resolved,61.2,Agent A,3.0
T5537,2023-10-25,Security,Medium,Open,35.6,Agent D,
T5538,2024-02-18,Hardware,Medium,Resolved,9.2,Agent C,1.0
T5539,2023-07-08,Access,High,Resolved,0.9,Agent C,3.0
T5540,2024-03-20,Network,High,Resolved,6.2,Agent D,3.0
T5541,2023-07-01,Hardware,Medium,Resolved,22.6,Agent D,4.0
T5542,2024-03-01,Email,High,Resolved,5.8,Agent B,5.0
T5543,2024-04-13,Hardware,Critical,Resolved,2.5,Agent C,3.0
T5544,2023-11-12,Software,High,Open,8.1,Agent C,
T5545,2023-10-25,Hardware,Medium,Open,26.4,Agent A,
T5546,2024-06-04,Email,Medium,Resolved,19.9,Agent C,4.0
T5547,2024-01-13,Access,High,Resolved,7.6,Agent E,3.0
T5548,2024-06-11,Hardware,Critical,Resolved,1.2,Agent E,4.0
T5549,2024-04-28,Hardware,Medium,Open,24.4,Agent D,
T5550,2024-02-04,Email,Low,Resolved,28.3,Agent B,3.0
T5551,2023-09-17,Network,Low,Resolved,19.3,Agent D,4.0
T5552,2023-07-05,Security,Low,Escalated,68.8,Agent B,
T5553,2023-07-06,Email,Critical,Resolved,2.5,Agent B,3.0
T5554,2024-02-03,Security,High,Resolved,7.6,Agent B,2.0
T5555,2024-01-25,Network,High,Escalated,5.4,Agent A,
T5556,2024-04-10,Security,Medium,Resolved,19.2,Agent E,2.0
T5557,2023-10-20,Security,Medium,Resolved,24.6,Agent E,5.0
T5558,2024-04-01,Hardware,Critical,Resolved,2.0,Agent A,1.0
T5559,2023-12-02,Security,Low,Resolved,31.3,Agent A,1.0
T5560,2023-09-19,Network,Low,Resolved,32.7,Agent A,1.0
T5561,2023-07-22,Security,Critical,Resolved,2.7,Agent E,5.0
T5562,2024-03-28,Security,High,Open,6.7,Agent D,
T5563,2023-11-03,Software,Low,Resolved,54.0,Agent D,4.0
T5564,2024-02-25,Access,Medium,Resolved,41.2,Agent A,2.0
T5565,2024-04-10,Access,High,Resolved,4.5,Agent B,1.0
T5566,2023-08-17,Hardware,Critical,Open,3.4,Agent B,
T5567,2024-01-19,Hardware,Medium,Resolved,23.1,Agent C,4.0
T5568,2023-07-29,Network,Low,Open,31.0,Agent A,
T5569,2024-01-20,Hardware,Medium,Resolved,24.9,Agent E,5.0
T5570,2024-01-01,Network,High,Resolved,11.5,Agent B,5.0
T5571,2023-11-24,Access,Low,Open,83.2,Agent A,
T5572,2024-02-12,Access,High,Resolved,6.3,Agent E,2.0
T5573,2023-09-13,Email,Medium,Resolved,14.4,Agent C,5.0
T5574,2023-08-26,Hardware,High,Open,5.3,Agent B,
T5575,2024-04-18,Network,High,Resolved,3.8,Agent B,1.0
T5576,2023-09-01,Software,High,Resolved,5.1,Agent C,5.0
T5577,2023-09-17,Network,High,Resolved,6.4,Agent A,4.0
T5578,2023-12-21,Software,Medium,Resolved,24.1,Agent D,5.0
T5579,2024-04-26,Hardware,Medium,Resolved,32.4,Agent B,2.0
T5580,2024-01-05,Access,High,Resolved,8.6,Agent D,1.0
T5581,2024-01-09,Network,Low,Resolved,60.9,Agent D,5.0
T5582,2024-05-11,Network,Medium,Resolved,28.8,Agent D,2.0
T5583,2023-11-26,Access,Critical,Resolved,1.3,Agent D,4.0
T5584,2023-12-28,Email,Critical,Resolved,1.8,Agent A,3.0
T5585,2023-09-11,Access,Critical,Open,3.7,Agent B,
T5586,2024-06-15,Access,Critical,Resolved,2.8,Agent B,4.0
T5587,2023-08-16,Hardware,High,Resolved,4.8,Agent D,1.0
T5588,2023-12-30,Software,High,Resolved,10.5,Agent A,2.0
T5589,2024-03-16,Email,Medium,Resolved,26.2,Agent B,3.0
T5590,2024-01-08,Email,Critical,Resolved,1.3,Agent D,3.0
T5591,2023-09-20,Email,Low,Resolved,96.6,Agent B,1.0
T5592,2023-09-02,Email,High,Resolved,11.5,Agent A,3.0
T5593,2024-06-12,Access,High,Resolved,4.8,Agent D,4.0
T5594,2024-03-08,Security,Medium,Resolved,10.2,Agent D,4.0
T5595,2024-01-17,Security,High,Resolved,8.2,Agent C,1.0
T5596,2024-02-23,Security,High,Resolved,6.2,Agent D,5.0
T5597,2023-10-16,Access,High,Resolved,5.8,Agent A,5.0
T5598,2023-08-24,Security,Low,Resolved,53.3,Agent A,4.0
T5599,2024-06-04,Email,Medium,Resolved,27.2,Agent E,2.0
T5600,2023-10-19,Software,High,Resolved,11.6,Agent C,1.0
T5601,2023-10-14,Security,Low,Open,54.3,Agent C,
T5602,2023-10-02,Security,Medium,Resolved,24.4,Agent A,3.0
T5603,2024-02-18,Email,Critical,Open,3.1,Agent A,
T5604,2023-10-17,Access,Medium,Open,29.8,Agent C,
T5605,2023-11-07,Access,Medium,Open,34.2,Agent C,
T5606,2023-11-22,Security,High,Resolved,11.1,Agent A,1.0
T5607,2024-04-09,Access,Low,Resolved,56.1,Agent A,5.0
T5608,2023-11-30,Network,Critical,Resolved,1.7,Agent D,1.0
T5609,2023-12-26,Network,Critical,Resolved,2.1,Agent B,2.0
T5610,2023-07-19,Email,Medium,Resolved,26.2,Agent D,1.0
T5611,2024-06-16,Software,High,Escalated,0.5,Agent D,
T5612,2023-10-02,Network,Medium,Escalated,30.9,Agent C,
T5613,2023-08-07,Hardware,Critical,Resolved,1.5,Agent D,4.0
T5614,2024-06-19,Security,Low,Resolved,23.4,Agent B,4.0
T5615,2023-10-28,Software,Low,Resolved,52.3,Agent C,3.0
T5616,2024-05-03,Email,Critical,Resolved,1.0,Agent E,2.0
T5617,2024-02-20,Security,Critical,Resolved,2.1,Agent B,4.0
T5618,2023-08-07,Email,Low,Resolved,75.7,Agent D,4.0
T5619,2023-10-08,Software,Medium,Escalated,19.7,Agent B,
T5620,2024-06-16,Email,High,Open,12.4,Agent A,
T5621,2023-07-28,Software,Medium,Resolved,18.1,Agent A,4.0
T5622,2024-03-17,Email,Critical,Resolved,1.4,Agent C,3.0
T5623,2024-01-15,Email,Medium,Open,7.1,Agent C,
T5624,2023-08-22,Security,Critical,Resolved,0.8,Agent D,5.0
T5625,2024-01-03,Hardware,Low,Open,31.6,Agent A,
T5626,2023-08-28,Network,Medium,Open,20.0,Agent D,
T5627,2024-02-16,Hardware,Critical,Open,2.6,Agent E,
T5628,2023-11-01,Email,Low,Resolved,18.5,Agent D,5.0
T5629,2024-06-15,Security,High,Open,4.8,Agent E,
T5630,2024-06-24,Software,Critical,Resolved,2.9,Agent C,5.0
T5631,2024-06-30,Email,Critical,Resolved,1.9,Agent C,1.0
T5632,2023-11-15,Security,Medium,Resolved,14.7,Agent E,2.0
T5633,2023-12-13,Network,Low,Resolved,22.9,Agent A,3.0
T5634,2023-11-01,Email,Critical,Resolved,1.7,Agent C,4.0
T5635,2024-03-10,Hardware,Critical,Resolved,0.9,Agent B,3.0
T5636,2023-10-31,Access,High,Resolved,8.7,Agent B,4.0
T5637,2024-02-11,Access,Low,Escalated,16.3,Agent B,
T5638,2023-09-23,Email,Critical,Resolved,3.2,Agent B,4.0
T5639,2024-01-08,Security,Medium,Resolved,20.0,Agent C,2.0
T5640,2024-01-04,Access,Critical,Resolved,1.6,Agent B,2.0
T5641,2023-07-25,Software,Medium,Open,27.9,Agent A,
T5642,2023-10-28,Hardware,Medium,Open,44.6,Agent E,
T5643,2024-01-11,Access,Low,Resolved,33.7,Agent D,3.0
T5644,2024-06-18,Network,High,Resolved,9.6,Agent D,2.0
T5645,2023-07-26,Network,Medium,Resolved,17.3,Agent A,3.0
T5646,2024-04-25,Security,Medium,Resolved,34.4,Agent A,1.0
T5647,2023-11-30,Security,High,Open,11.6,Agent B,
T5648,2023-07-19,Security,Medium,Resolved,23.1,Agent B,1.0
T5649,2023-12-20,Network,High,Resolved,10.4,Agent B,5.0
T5650,2023-11-06,Hardware,Critical,Open,3.2,Agent E,
T5651,2023-12-14,Hardware,Medium,Open,24.6,Agent E,
T5652,2024-01-30,Email,Critical,Resolved,3.0,Agent C,1.0
T5653,2023-07-31,Hardware,Low,Resolved,37.8,Agent B,4.0
T5654,2024-02-01,Hardware,Medium,Resolved,33.4,Agent B,3.0
T5655,2023-12-20,Software,High,Open,5.8,Agent B,
T5656,2023-12-20,Hardware,Low,Resolved,53.6,Agent A,5.0
T5657,2023-12-20,Software,Medium,Resolved,15.4,Agent A,5.0
T5658,2024-03-31,Email,High,Resolved,4.4,Agent D,4.0
T5659,2023-07-29,Security,Critical,Open,2.1,Agent C,
T5660,2024-06-27,Hardware,Low,Resolved,40.2,Agent C,1.0
T5661,2024-02-14,Hardware,Low,Resolved,31.7,Agent C,1.0
T5662,2024-06-12,Software,High,Resolved,9.1,Agent D,4.0
T5663,2024-05-21,Software,Medium,Resolved,24.0,Agent E,5.0
T5664,2023-10-28,Hardware,Medium,Open,22.8,Agent D,
T5665,2023-08-01,Access,High,Resolved,4.0,Agent B,2.0
T5666,2023-12-10,Network,Low,Resolved,53.7,Agent A,4.0
T5667,2023-07-01,Hardware,Medium,Resolved,36.6,Agent D,1.0
T5668,2024-03-21,Access,Medium,Resolved,0.5,Agent D,2.0
T5669,2023-08-13,Email,Critical,Resolved,3.4,Agent B,2.0
T5670,2023-08-08,Email,Medium,Resolved,45.3,Agent D,4.0
T5671,2023-08-17,Software,High,Resolved,11.4,Agent E,5.0
T5672,2024-01-23,Email,High,Resolved,8.4,Agent A,3.0
T5673,2024-02-24,Software,Low,Resolved,48.0,Agent C,1.0
T5674,2023-07-20,Software,Critical,Resolved,2.4,Agent B,3.0
T5675,2023-11-15,Software,High,Escalated,5.8,Agent C,
T5676,2023-07-15,Software,Medium,Resolved,18.3,Agent D,4.0
T5677,2024-04-23,Network,High,Resolved,3.7,Agent E,1.0
T5678,2023-09-27,Security,High,Resolved,9.4,Agent E,3.0
T5679,2023-08-24,Network,Low,Resolved,30.6,Agent C,5.0
T5680,2023-10-21,Email,Medium,Resolved,31.6,Agent B,4.0
T5681,2023-11-20,Access,Low,Resolved,66.6,Agent A,3.0
T5682,2024-03-06,Email,High,Resolved,7.6,Agent D,1.0
T5683,2023-08-15,Email,High,Resolved,10.0,Agent A,3.0
T5684,2024-01-14,Security,Low,Resolved,41.7,Agent D,2.0
T5685,2023-10-20,Access,Low,Resolved,31.5,Agent E,1.0
T5686,2024-06-16,Software,Critical,Resolved,2.1,Agent D,3.0
T5687,2023-07-29,Security,Critical,Resolved,2.2,Agent C,3.0
T5688,2023-10-09,Email,Critical,Resolved,1.8,Agent C,3.0
T5689,2024-06-08,Email,Low,Resolved,39.9,Agent D,5.0
T5690,2024-03-27,Hardware,High,Resolved,6.1,Agent E,4.0
T5691,2024-06-26,Software,Low,Resolved,72.3,Agent E,4.0
T5692,2024-06-26,Hardware,High,Resolved,7.2,Agent C,3.0
T5693,2023-12-03,Access,Low,Resolved,15.7,Agent A,5.0
T5694,2023-07-15,Security,Low,Resolved,40.9,Agent B,3.0
T5695,2023-08-31,Email,Low,Resolved,77.8,Agent C,4.0
T5696,2023-11-07,Software,Critical,Resolved,1.0,Agent B,2.0
T5697,2024-04-21,Access,Critical,Resolved,1.7,Agent C,4.0
T5698,2023-11-04,Hardware,Medium,Resolved,29.3,Agent E,2.0
T5699,2024-05-18,Hardware,Low,Resolved,53.8,Agent D,2.0
T5700,2023-07-20,Access,Medium,Escalated,21.6,Agent E,
T5701,2024-01-23,Network,Critical,Resolved,3.1,Agent B,2.0
T5702,2023-09-14,Security,Medium,Resolved,24.8,Agent D,2.0
T5703,2024-01-03,Hardware,High,Resolved,6.2,Agent A,4.0
T5704,2023-10-20,Network,Critical,Resolved,1.0,Agent B,4.0
T5705,2024-06-15,Email,High,Resolved,7.0,Agent C,1.0
T5706,2024-05-25,Security,Medium,Resolved,7.0,Agent A,4.0
T5707,2024-04-07,Hardware,Medium,Resolved,35.5,Agent A,3.0
T5708,2023-08-27,Network,Low,Open,42.6,Agent C,
T5709,2023-08-30,Software,High,Resolved,7.5,Agent C,2.0
T5710,2024-04-20,Network,High,Resolved,7.6,Agent C,4.0
T5711,2023-12-05,Access,Critical,Resolved,0.5,Agent B,5.0
T5712,2024-02-25,Hardware,Critical,Resolved,2.3,Agent E,3.0
T5713,2024-04-29,Software,Low,Escalated,45.1,Agent B,
T5714,2023-08-22,Software,High,Resolved,6.8,Agent C,4.0
T5715,2024-04-16,Access,Critical,Open,3.1,Agent B,
T5716,2023-09-17,Software,High,Resolved,11.4,Agent A,3.0
T5717,2023-10-04,Network,Medium,Open,27.5,Agent B,
T5718,2023-10-31,Security,Low,Resolved,29.5,Agent E,2.0
T5719,2024-04-05,Access,High,Resolved,12.4,Agent D,2.0
T5720,2024-06-30,Security,Medium,Resolved,29.1,Agent C,1.0
T5721,2023-08-06,Software,Low,Resolved,91.7,Agent C,3.0
T5722,2024-03-09,Hardware,Low,Resolved,44.5,Agent A,4.0
T5723,2024-03-22,Email,Low,Resolved,81.3,Agent A,2.0
T5724,2024-01-03,Software,Critical,Resolved,3.2,Agent C,5.0
T5725,2023-12-07,Access,Critical,Resolved,1.6,Agent E,1.0
T5726,2023-08-10,Access,High,Open,8.1,Agent C,
T5727,2024-03-13,Security,High,Resolved,10.4,Agent A,3.0
T5728,2024-01-01,Email,Low,Resolved,34.8,Agent D,3.0
T5729,2024-05-07,Hardware,Medium,Resolved,16.5,Agent C,3.0
T5730,2023-07-09,Email,High,Open,7.0,Agent A,
T5731,2023-07-03,Security,Low,Resolved,28.5,Agent E,3.0
T5732,2024-01-30,Access,Low,Resolved,50.0,Agent D,1.0
T5733,2023-09-13,Hardware,Medium,Resolved,25.8,Agent E,4.0
T5734,2023-09-02,Security,High,Resolved,11.2,Agent E,3.0
T5735,2023-12-14,Hardware,Medium,Resolved,9.3,Agent D,5.0
T5736,2024-04-24,Software,Critical,Resolved,2.4,Agent A,3.0
T5737,2023-08-23,Access,Medium,Resolved,28.3,Agent C,3.0
T5738,2024-04-09,Email,Medium,Resolved,22.5,Agent E,2.0
T5739,2024-03-12,Hardware,Medium,Resolved,39.9,Agent D,1.0
T5740,2023-12-04,Email,Medium,Resolved,25.3,Agent E,4.0
T5741,2024-02-10,Hardware,High,Resolved,7.1,Agent A,5.0
T5742,2024-01-14,Software,Low,Open,42.7,Agent B,
T5743,2023-09-04,Email,Critical,Open,2.7,Agent E,
T5744,2024-04-01,Software,Medium,Resolved,33.5,Agent D,1.0
T5745,2024-01-23,Hardware,Critical,Resolved,1.2,Agent C,1.0
T5746,2023-11-01,Email,High,Resolved,10.4,Agent B,1.0
T5747,2024-06-10,Email,Critical,Resolved,3.5,Agent A,1.0
T5748,2024-04-15,Network,Medium,Resolved,24.2,Agent B,5.0
T5749,2024-06-24,Email,High,Resolved,6.8,Agent B,2.0
T5750,2023-08-10,Software,Medium,Open,44.5,Agent B,
T5751,2024-06-15,Email,Low,Resolved,28.2,Agent E,1.0
T5752,2024-03-08,Security,Medium,Resolved,0.5,Agent D,2.0
T5753,2023-07-14,Email,Low,Resolved,85.5,Agent A,5.0
T5754,2023-09-17,Access,Low,Open,68.5,Agent E,
T5755,2024-06-10,Security,Critical,Resolved,2.6,Agent D,3.0
T5756,2023-09-11,Software,Medium,Escalated,18.7,Agent C,
T5757,2023-12-24,Access,Medium,Escalated,22.6,Agent B,
T5758,2023-10-07,Software,Critical,Resolved,2.6,Agent D,2.0
T5759,2023-07-02,Network,High,Resolved,11.6,Agent B,3.0
T5760,2024-03-08,Access,Low,Resolved,44.5,Agent E,3.0
T5761,2024-04-10,Network,Low,Resolved,54.6,Agent B,4.0
T5762,2023-08-27,Access,Critical,Open,4.6,Agent E,
T5763,2024-02-22,Access,Critical,Escalated,0.8,Agent D,
T5764,2024-02-17,Email,Medium,Resolved,31.0,Agent E,5.0
T5765,2024-05-11,Software,Medium,Resolved,14.4,Agent C,5.0
T5766,2023-08-25,Security,Critical,Escalated,1.3,Agent D,
T5767,2023-08-07,Hardware,High,Resolved,8.8,Agent C,1.0
T5768,2024-05-04,Network,Critical,Resolved,1.7,Agent D,1.0
T5769,2024-04-15,Email,Low,Resolved,22.6,Agent D,4.0
T5770,2023-09-18,Network,Critical,Escalated,1.3,Agent E,
T5771,2023-08-07,Network,Medium,Resolved,36.9,Agent A,1.0
T5772,2024-01-01,Security,Medium,Resolved,19.5,Agent D,2.0
T5773,2023-09-06,Network,Medium,Resolved,29.0,Agent B,5.0
T5774,2023-09-05,Email,Critical,Resolved,1.7,Agent C,2.0
T5775,2023-09-05,Hardware,Medium,Open,11.3,Agent A,
T5776,2023-09-27,Email,High,Resolved,5.9,Agent D,5.0
T5777,2024-06-29,Access,High,Resolved,4.1,Agent A,1.0
T5778,2023-10-17,Network,High,Resolved,12.4,Agent D,3.0
T5779,2023-11-20,Hardware,High,Resolved,6.8,Agent E,3.0
T5780,2024-01-24,Email,High,Resolved,4.7,Agent D,1.0
T5781,2023-12-22,Hardware,High,Resolved,10.9,Agent E,5.0
T5782,2024-04-06,Hardware,High,Open,10.6,Agent C,
T5783,2023-11-10,Access,Medium,Open,41.3,Agent D,
T5784,2024-06-08,Hardware,Low,Resolved,68.1,Agent A,4.0
T5785,2023-10-17,Security,Medium,Resolved,17.6,Agent B,1.0
T5786,2023-10-19,Software,Low,Resolved,39.2,Agent A,2.0
T5787,2024-04-06,Security,Low,Escalated,65.6,Agent E,
T5788,2024-02-23,Email,Low,Resolved,53.7,Agent B,5.0
T5789,2023-07-27,Access,Medium,Resolved,27.1,Agent D,2.0
T5790,2023-12-16,Security,Critical,Resolved,1.0,Agent B,1.0
T5791,2023-09-06,Email,Medium,Escalated,31.5,Agent A,
T5792,2024-01-31,Hardware,Low,Resolved,53.7,Agent A,3.0
T5793,2023-11-16,Hardware,High,Resolved,8.8,Agent B,4.0
T5794,2023-11-10,Hardware,Critical,Resolved,1.7,Agent B,2.0
T5795,2024-03-28,Software,High,Resolved,7.3,Agent B,2.0
T5796,2024-03-27,Network,Low,Escalated,53.3,Agent D,
T5797,2023-08-28,Network,Critical,Resolved,0.5,Agent D,1.0
T5798,2024-05-20,Software,Critical,Escalated,2.9,Agent B,
T5799,2024-06-05,Software,Medium,Open,29.3,Agent C,
T5800,2024-01-23,Security,Low,Resolved,48.5,Agent E,2.0
T5801,2024-03-24,Security,Low,Resolved,58.7,Agent E,2.0
T5802,2023-07-24,Email,Low,Resolved,31.5,Agent A,2.0
T5803,2023-07-01,Email,High,Resolved,6.9,Agent E,5.0
T5804,2023-07-18,Software,Low,Open,29.0,Agent E,
T5805,2023-11-09,Email,Medium,Resolved,27.0,Agent D,3.0
T5806,2023-07-10,Software,Low,Resolved,50.6,Agent E,1.0
T5807,2024-01-10,Hardware,High,Resolved,11.4,Agent B,1.0
T5808,2023-09-11,Email,Critical,Resolved,3.2,Agent D,1.0
T5809,2023-07-01,Network,Critical,Escalated,2.7,Agent E,
T5810,2023-07-05,Software,High,Open,0.5,Agent B,
T5811,2024-02-26,Network,Medium,Resolved,15.7,Agent E,2.0
T5812,2023-09-07,Hardware,High,Resolved,10.1,Agent E,1.0
T5813,2024-06-02,Network,High,Resolved,5.0,Agent E,4.0
T5814,2024-05-02,Access,High,Open,3.9,Agent A,
T5815,2024-02-19,Access,Low,Resolved,68.1,Agent A,2.0
T5816,2024-06-11,Email,Critical,Open,2.4,Agent E,
T5817,2024-03-11,Email,Critical,Resolved,0.8,Agent A,2.0
T5818,2024-02-17,Hardware,Medium,Resolved,10.7,Agent C,3.0
T5819,2023-11-02,Hardware,Critical,Resolved,0.5,Agent C,2.0
T5820,2024-02-01,Hardware,Critical,Resolved,0.5,Agent A,5.0
T5821,2024-03-02,Hardware,Critical,Open,1.7,Agent C,
T5822,2023-08-19,Software,Low,Resolved,23.3,Agent C,2.0
T5823,2024-02-11,Network,Medium,Open,26.9,Agent E,
T5824,2023-08-22,Email,Critical,Resolved,2.9,Agent C,4.0
T5825,2024-03-14,Access,High,Resolved,9.0,Agent D,5.0
T5826,2023-09-20,Hardware,Low,Resolved,48.0,Agent B,3.0
T5827,2023-08-24,Security,High,Resolved,8.2,Agent E,2.0
T5828,2024-02-08,Security,Medium,Resolved,16.1,Agent D,1.0
T5829,2024-01-04,Software,High,Resolved,12.4,Agent A,5.0
T5830,2024-06-14,Access,Critical,Resolved,2.0,Agent A,4.0
T5831,2023-10-31,Hardware,Medium,Resolved,28.5,Agent D,3.0
T5832,2023-12-05,Security,Low,Resolved,58.9,Agent C,1.0
T5833,2023-12-03,Email,Medium,Escalated,29.1,Agent A,
T5834,2023-10-31,Security,Medium,Open,25.7,Agent C,
T5835,2024-05-26,Network,Medium,Resolved,5.9,Agent B,3.0
T5836,2023-11-01,Access,Medium,Resolved,20.2,Agent A,2.0
T5837,2023-10-15,Software,Medium,Open,24.5,Agent E,
T5838,2023-11-30,Network,Low,Resolved,38.8,Agent E,3.0
T5839,2023-08-16,Email,Critical,Resolved,2.1,Agent D,5.0
T5840,2023-07-15,Access,High,Resolved,9.6,Agent D,5.0
T5841,2023-07-10,Software,Critical,Resolved,2.0,Agent E,1.0
T5842,2024-05-03,Software,High,Resolved,9.6,Agent A,4.0
T5843,2024-01-12,Email,High,Resolved,6.3,Agent B,3.0
T5844,2024-06-19,Software,Critical,Resolved,0.5,Agent C,4.0
T5845,2023-11-24,Email,High,Resolved,8.5,Agent D,4.0
T5846,2023-07-25,Email,High,Resolved,8.2,Agent A,3.0
T5847,2024-05-20,Network,Critical,Escalated,2.9,Agent B,
T5848,2023-10-14,Access,High,Escalated,8.9,Agent D,
T5849,2023-09-11,Email,Medium,Resolved,32.5,Agent A,1.0
T5850,2024-05-27,Network,Medium,Resolved,37.0,Agent C,1.0
T5851,2024-04-28,Access,High,Resolved,8.6,Agent C,1.0
T5852,2023-08-18,Access,Medium,Resolved,21.1,Agent B,1.0
T5853,2023-10-24,Network,Medium,Resolved,30.0,Agent C,3.0
T5854,2023-12-28,Network,Medium,Resolved,35.8,Agent E,5.0
T5855,2023-09-01,Hardware,Critical,Resolved,1.9,Agent E,5.0
T5856,2023-10-26,Hardware,Medium,Resolved,9.8,Agent A,2.0
T5857,2023-07-28,Software,Low,Resolved,17.0,Agent A,4.0
T5858,2024-01-19,Software,Low,Resolved,41.9,Agent D,2.0
T5859,2023-12-24,Hardware,High,Resolved,4.4,Agent E,1.0
T5860,2024-06-23,Security,Low,Resolved,45.4,Agent C,4.0
T5861,2023-12-15,Security,Medium,Resolved,2.8,Agent B,2.0
T5862,2024-02-16,Software,Medium,Resolved,7.8,Agent A,5.0
T5863,2023-11-25,Network,High,Resolved,9.3,Agent D,5.0
T5864,2023-11-01,Access,Low,Resolved,40.4,Agent D,5.0
T5865,2023-08-29,Hardware,High,Resolved,7.9,Agent D,1.0
T5866,2023-09-07,Network,Low,Escalated,72.4,Agent A,
T5867,2024-05-28,Access,Critical,Resolved,1.7,Agent C,3.0
T5868,2023-12-08,Email,Medium,Resolved,27.2,Agent C,2.0
T5869,2023-12-21,Network,Medium,Resolved,34.0,Agent B,3.0
T5870,2024-04-27,Software,Low,Resolved,41.8,Agent A,5.0
T5871,2023-09-25,Software,High,Resolved,9.9,Agent E,1.0
T5872,2023-10-05,Hardware,Critical,Resolved,1.8,Agent E,3.0
T5873,2023-08-27,Hardware,Low,Resolved,43.7,Agent B,4.0
T5874,2023-12-09,Software,Low,Resolved,34.6,Agent C,5.0
T5875,2023-08-16,Software,Low,Open,43.7,Agent E,
T5876,2024-05-29,Access,Critical,Resolved,1.2,Agent A,5.0
T5877,2024-01-30,Software,Low,Resolved,32.2,Agent E,5.0
T5878,2024-04-21,Software,Low,Resolved,57.8,Agent B,2.0
T5879,2023-07-12,Software,Low,Resolved,47.6,Agent C,4.0
T5880,2024-06-11,Hardware,High,Resolved,5.3,Agent D,4.0
T5881,2023-12-30,Network,Low,Resolved,30.1,Agent D,3.0
T5882,2023-11-30,Software,Medium,Resolved,34.4,Agent D,2.0
T5883,2023-07-26,Network,Low,Resolved,63.7,Agent D,4.0
T5884,2024-04-25,Software,Low,Resolved,31.7,Agent B,2.0
T5885,2024-05-15,Security,Low,Resolved,38.0,Agent A,3.0
T5886,2023-10-17,Network,Low,Resolved,68.1,Agent B,1.0
T5887,2023-08-22,Email,Critical,Resolved,0.9,Agent B,3.0
T5888,2024-04-24,Access,High,Resolved,10.3,Agent A,3.0
T5889,2023-09-23,Software,Critical,Resolved,2.3,Agent B,1.0
T5890,2023-12-11,Security,Critical,Resolved,0.9,Agent D,5.0
T5891,2024-04-03,Hardware,High,Escalated,10.0,Agent C,
T5892,2024-06-22,Software,High,Resolved,7.1,Agent C,3.0
T5893,2023-11-04,Software,Low,Resolved,100.0,Agent D,5.0
T5894,2024-02-03,Hardware,Medium,Resolved,24.4,Agent A,1.0
T5895,2023-12-27,Email,Medium,Escalated,27.3,Agent A,
T5896,2023-08-10,Access,Critical,Resolved,1.1,Agent A,2.0
T5897,2024-06-02,Security,Critical,Resolved,3.4,Agent D,2.0
T5898,2024-01-26,Network,Low,Open,51.5,Agent D,
T5899,2023-12-23,Software,Medium,Resolved,45.2,Agent D,2.0
T5900,2023-09-16,Software,Low,Resolved,61.5,Agent E,3.0
T5901,2024-06-05,Security,Low,Resolved,59.7,Agent A,2.0
T5902,2023-10-10,Hardware,High,Resolved,5.5,Agent B,1.0
T5903,2023-08-01,Email,High,Resolved,3.3,Agent C,1.0
T5904,2024-05-27,Access,High,Resolved,4.1,Agent D,4.0
T5905,2023-12-18,Access,Medium,Resolved,0.5,Agent A,3.0
T5906,2024-01-10,Email,Critical,Open,2.6,Agent B,
T5907,2023-11-14,Security,High,Resolved,9.0,Agent A,3.0
T5908,2023-09-22,Access,Low,Resolved,48.6,Agent A,1.0
T5909,2023-11-15,Software,Low,Open,46.2,Agent A,
T5910,2023-10-10,Network,High,Open,10.2,Agent E,
T5911,2024-04-16,Email,Critical,Escalated,1.6,Agent E,
T5912,2024-06-30,Email,Medium,Resolved,20.9,Agent B,5.0
T5913,2023-07-13,Access,High,Resolved,5.7,Agent C,5.0
T5914,2024-06-02,Email,Medium,Resolved,14.7,Agent E,1.0
T5915,2023-08-19,Software,Low,Resolved,55.3,Agent E,1.0
T5916,2023-11-10,Software,Low,Resolved,44.7,Agent C,5.0
T5917,2023-12-07,Hardware,Critical,Resolved,0.9,Agent E,2.0
T5918,2023-10-15,Access,Medium,Resolved,15.4,Agent E,4.0
T5919,2023-11-17,Email,Critical,Resolved,1.6,Agent C,3.0
T5920,2023-12-28,Access,Low,Resolved,13.4,Agent D,4.0
T5921,2023-10-27,Network,Medium,Resolved,31.0,Agent C,4.0
T5922,2024-04-08,Security,High,Resolved,9.9,Agent A,5.0
T5923,2024-05-21,Network,Medium,Open,35.9,Agent D,
T5924,2024-03-22,Security,High,Resolved,4.1,Agent A,5.0
T5925,2023-12-25,Network,Low,Resolved,69.5,Agent D,3.0
T5926,2024-01-02,Hardware,Critical,Escalated,2.2,Agent E,
T5927,2023-07-09,Security,High,Resolved,10.6,Agent B,1.0
T5928,2023-07-02,Network,High,Resolved,4.1,Agent B,5.0
T5929,2024-04-23,Access,Low,Resolved,21.0,Agent C,5.0
T5930,2023-07-31,Access,Low,Resolved,35.1,Agent C,5.0
T5931,2023-11-22,Access,Critical,Resolved,1.7,Agent B,1.0
T5932,2023-08-08,Network,Medium,Escalated,25.5,Agent B,
T5933,2024-01-02,Security,Medium,Resolved,21.2,Agent A,3.0
T5934,2023-12-19,Security,Medium,Resolved,32.4,Agent B,5.0
T5935,2023-09-20,Hardware,Critical,Resolved,2.9,Agent B,3.0
T5936,2024-04-14,Network,Low,Resolved,24.8,Agent C,5.0
T5937,2023-12-11,Access,Critical,Escalated,0.9,Agent C,
T5938,2023-11-07,Hardware,Critical,Resolved,1.8,Agent D,1.0
T5939,2024-04-28,Hardware,High,Resolved,6.8,Agent C,5.0
T5940,2023-12-01,Network,Medium,Resolved,20.7,Agent E,5.0
T5941,2023-08-11,Security,Medium,Resolved,11.6,Agent E,5.0
T5942,2023-12-22,Security,Medium,Resolved,11.7,Agent B,3.0
T5943,2024-03-09,Security,Medium,Resolved,25.0,Agent E,3.0
T5944,2023-07-02,Email,High,Resolved,2.8,Agent E,5.0
T5945,2024-03-25,Network,Low,Resolved,46.9,Agent A,2.0
T5946,2023-12-29,Software,Medium,Resolved,24.9,Agent D,3.0
T5947,2023-12-13,Network,Low,Open,59.3,Agent A,
T5948,2023-11-05,Network,Critical,Resolved,1.2,Agent D,3.0
T5949,2024-04-08,Software,High,Resolved,5.9,Agent D,5.0
T5950,2023-12-12,Security,Low,Resolved,80.3,Agent E,3.0
T5951,2023-10-06,Network,High,Resolved,0.8,Agent D,3.0
T5952,2023-09-23,Access,Low,Resolved,57.8,Agent D,4.0
T5953,2023-10-28,Access,Medium,Resolved,24.0,Agent B,3.0
T5954,2024-03-30,Email,Critical,Resolved,3.6,Agent D,5.0
T5955,2024-05-08,Software,Low,Escalated,47.0,Agent D,
T5956,2024-02-28,Hardware,High,Resolved,10.2,Agent B,2.0
T5957,2024-06-05,Security,Low,Resolved,8.0,Agent A,3.0
T5958,2024-05-14,Software,High,Resolved,8.4,Agent D,3.0
T5959,2023-08-09,Email,Critical,Resolved,1.7,Agent C,1.0
T5960,2024-03-20,Email,High,Escalated,9.7,Agent B,
T5961,2023-12-24,Hardware,Critical,Resolved,2.8,Agent C,3.0
T5962,2023-07-09,Email,Medium,Resolved,22.4,Agent D,3.0
T5963,2023-10-07,Network,High,Resolved,6.8,Agent E,3.0
T5964,2023-08-09,Email,High,Resolved,11.2,Agent A,5.0
T5965,2023-07-02,Email,High,Open,10.1,Agent C,
T5966,2024-01-13,Security,High,Resolved,3.9,Agent A,1.0
T5967,2024-01-18,Network,Medium,Resolved,15.3,Agent C,2.0
T5968,2023-08-08,Software,Critical,Resolved,1.7,Agent B,1.0
T5969,2024-01-03,Security,Critical,Resolved,4.4,Agent C,2.0
T5970,2023-12-17,Software,Medium,Resolved,24.2,Agent D,5.0
T5971,2023-11-24,Software,High,Resolved,11.5,Agent A,5.0
T5972,2024-02-16,Hardware,Critical,Resolved,1.7,Agent C,1.0
T5973,2024-06-23,Security,Critical,Resolved,2.5,Agent D,1.0
T5974,2024-06-19,Email,Critical,Resolved,0.8,Agent E,4.0
T5975,2023-10-29,Software,Low,Resolved,46.8,Agent B,3.0
T5976,2023-12-05,Network,Medium,Resolved,14.4,Agent B,1.0
T5977,2023-09-21,Security,High,Resolved,12.3,Agent E,3.0
T5978,2023-07-05,Software,Critical,Resolved,2.2,Agent A,3.0
T5979,2024-02-29,Software,High,Resolved,4.6,Agent B,2.0
T5980,2024-03-25,Email,Medium,Resolved,27.3,Agent C,4.0
T5981,2023-12-02,Email,Medium,Resolved,25.6,Agent C,5.0
T5982,2024-02-02,Access,Critical,Resolved,2.3,Agent B,1.0
T5983,2023-10-05,Hardware,Low,Resolved,64.8,Agent E,1.0
T5984,2023-09-25,Hardware,Medium,Resolved,35.8,Agent A,4.0
T5985,2024-06-12,Software,Low,Resolved,59.4,Agent B,5.0
T5986,2023-08-30,Access,Low,Open,53.9,Agent D,
T5987,2024-06-23,Email,Medium,Open,32.0,Agent B,
T5988,2024-06-05,Network,High,Resolved,4.1,Agent B,4.0
T5989,2024-06-13,Network,High,Resolved,13.8,Agent A,1.0
T5990,2023-07-25,Hardware,Low,Resolved,39.2,Agent C,2.0
T5991,2023-07-26,Security,High,Resolved,12.0,Agent A,3.0
T5992,2024-03-08,Software,Critical,Resolved,3.2,Agent C,2.0
T5993,2023-11-06,Email,Low,Resolved,32.4,Agent C,4.0
T5994,2024-02-02,Software,High,Resolved,9.1,Agent E,2.0
T5995,2024-02-26,Access,Medium,Resolved,23.4,Agent E,3.0
T5996,2023-08-04,Access,Critical,Resolved,2.7,Agent D,5.0
T5997,2024-06-29,Software,Medium,Resolved,17.7,Agent E,1.0
T5998,2023-10-27,Software,Medium,Resolved,12.3,Agent D,4.0
T5999,2024-02-26,Hardware,Medium,Resolved,18.2,Agent D,1.0
T6000,2023-11-22,Network,Critical,Resolved,1.4,Agent E,1.0
T6001,2024-04-20,Access,Low,Resolved,45.4,Agent C,4.0
T6002,2023-09-28,Access,Medium,Resolved,15.5,Agent D,4.0
T6003,2023-10-24,Security,Critical,Resolved,1.0,Agent B,2.0
T6004,2023-07-25,Access,Medium,Resolved,32.0,Agent E,5.0
T6005,2023-09-10,Software,Medium,Resolved,16.4,Agent B,2.0
T6006,2024-06-19,Network,Low,Resolved,64.6,Agent C,4.0
T6007,2024-01-08,Security,Low,Resolved,59.8,Agent D,2.0
T6008,2024-02-01,Email,Medium,Resolved,18.1,Agent A,3.0
T6009,2023-07-11,Network,High,Resolved,10.7,Agent B,5.0
T6010,2024-04-20,Email,Medium,Resolved,24.0,Agent B,2.0
T6011,2024-05-18,Network,Low,Resolved,57.2,Agent D,1.0
T6012,2024-01-09,Access,Critical,Open,2.0,Agent D,
T6013,2024-03-24,Software,Low,Resolved,15.7,Agent B,1.0
T6014,2023-08-23,Email,Medium,Resolved,21.9,Agent D,4.0
T6015,2023-08-10,Access,High,Resolved,8.7,Agent B,5.0
T6016,2023-10-23,Security,Medium,Resolved,20.4,Agent E,2.0
T6017,2023-10-31,Email,Medium,Resolved,12.4,Agent E,3.0
T6018,2024-04-18,Access,Low,Resolved,35.0,Agent B,3.0
T6019,2024-02-02,Access,Low,Open,23.1,Agent E,
T6020,2024-01-26,Hardware,Critical,Resolved,1.4,Agent C,4.0
T6021,2023-10-18,Security,Medium,Open,20.5,Agent B,
T6022,2023-07-10,Security,High,Resolved,9.6,Agent D,3.0
T6023,2024-01-25,Hardware,Medium,Resolved,26.2,Agent B,2.0
T6024,2024-03-05,Network,Low,Resolved,42.7,Agent E,4.0
T6025,2024-06-03,Hardware,Medium,Resolved,27.2,Agent A,3.0
T6026,2024-05-02,Network,High,Open,6.5,Agent C,
T6027,2023-07-18,Access,Medium,Resolved,22.1,Agent C,2.0
T6028,2023-09-08,Access,Medium,Resolved,30.1,Agent D,4.0
T6029,2023-11-13,Hardware,Medium,Open,6.1,Agent A,
T6030,2023-11-12,Network,Low,Resolved,43.6,Agent D,3.0
T6031,2024-02-11,Hardware,Medium,Resolved,24.8,Agent A,3.0
T6032,2024-02-29,Network,Critical,Resolved,0.9,Agent E,5.0
T6033,2023-08-04,Access,Medium,Resolved,31.3,Agent A,1.0
T6034,2024-02-28,Email,Critical,Resolved,2.1,Agent E,4.0
T6035,2024-06-30,Email,Critical,Resolved,1.5,Agent D,4.0
T6036,2024-03-31,Access,Medium,Resolved,28.1,Agent E,1.0
T6037,2023-09-10,Software,Critical,Escalated,2.3,Agent B,
T6038,2024-01-27,Email,Low,Resolved,44.3,Agent C,4.0
T6039,2023-12-19,Access,Low,Resolved,50.2,Agent D,4.0
T6040,2024-05-23,Security,Medium,Open,47.5,Agent D,
T6041,2024-04-21,Software,High,Resolved,5.0,Agent B,1.0
T6042,2024-04-05,Software,Critical,Resolved,2.5,Agent C,2.0
T6043,2023-07-11,Hardware,Critical,Resolved,1.4,Agent C,3.0
T6044,2024-02-03,Email,Medium,Resolved,29.3,Agent B,3.0
T6045,2023-07-08,Hardware,Low,Resolved,34.3,Agent C,5.0
T6046,2024-04-18,Network,Medium,Resolved,24.7,Agent A,2.0
T6047,2023-11-17,Network,Low,Resolved,29.2,Agent C,5.0
T6048,2024-04-26,Security,Medium,Resolved,17.1,Agent E,4.0
T6049,2024-06-11,Security,Critical,Open,2.2,Agent A,
T6050,2024-05-02,Email,Critical,Resolved,1.7,Agent D,4.0
T6051,2024-04-24,Access,Low,Resolved,55.0,Agent B,4.0
T6052,2024-03-13,Access,Medium,Resolved,18.5,Agent D,4.0
T6053,2024-01-05,Access,High,Open,5.3,Agent E,
T6054,2023-09-20,Hardware,Critical,Resolved,1.4,Agent B,1.0
T6055,2023-07-08,Software,Critical,Resolved,2.1,Agent E,4.0
T6056,2023-09-01,Network,High,Resolved,7.3,Agent E,1.0
T6057,2024-01-31,Software,Critical,Resolved,2.4,Agent C,2.0
T6058,2024-01-06,Software,Low,Resolved,63.7,Agent D,5.0
T6059,2024-05-20,Hardware,Low,Resolved,87.1,Agent C,4.0
T6060,2023-11-22,Email,Critical,Resolved,2.9,Agent A,4.0
T6061,2024-03-31,Hardware,Low,Resolved,80.2,Agent E,5.0
T6062,2023-10-09,Security,Low,Resolved,59.4,Agent C,2.0
T6063,2023-07-11,Software,Critical,Resolved,0.9,Agent A,1.0
T6064,2024-05-17,Software,Medium,Resolved,22.8,Agent A,1.0
T6065,2024-02-04,Email,Medium,Resolved,18.9,Agent A,5.0
T6066,2023-09-16,Software,High,Open,7.6,Agent D,
T6067,2024-03-10,Access,High,Resolved,5.0,Agent C,5.0
T6068,2024-04-15,Hardware,Low,Resolved,39.7,Agent D,5.0
T6069,2023-12-20,Network,Low,Open,33.4,Agent A,
T6070,2023-08-04,Access,Low,Resolved,17.5,Agent B,3.0
T6071,2024-01-17,Email,High,Resolved,17.3,Agent C,2.0
T6072,2023-08-31,Software,Critical,Resolved,0.5,Agent D,5.0
T6073,2024-06-21,Email,High,Resolved,10.2,Agent C,1.0
T6074,2024-05-28,Security,Low,Resolved,71.1,Agent E,5.0
T6075,2024-04-04,Access,High,Resolved,11.4,Agent A,1.0
T6076,2024-06-17,Network,High,Resolved,11.4,Agent C,2.0
T6077,2024-03-04,Software,Critical,Open,1.8,Agent E,
T6078,2024-06-14,Network,Medium,Escalated,22.0,Agent D,
T6079,2023-07-20,Network,Medium,Resolved,9.5,Agent E,2.0
T6080,2023-11-23,Security,Medium,Resolved,33.6,Agent E,3.0
T6081,2024-05-22,Hardware,Low,Resolved,53.6,Agent B,3.0
T6082,2023-12-07,Network,High,Resolved,9.4,Agent B,3.0
T6083,2023-09-15,Access,Critical,Resolved,2.6,Agent A,3.0
T6084,2024-01-10,Network,Low,Resolved,65.9,Agent E,2.0
T6085,2024-03-12,Security,Critical,Resolved,1.4,Agent B,2.0
T6086,2023-10-03,Access,Critical,Resolved,2.7,Agent B,4.0
T6087,2024-05-13,Network,High,Resolved,5.9,Agent E,5.0
T6088,2023-10-01,Access,Critical,Resolved,2.2,Agent B,3.0
T6089,2024-03-24,Email,High,Escalated,6.9,Agent D,
T6090,2024-04-02,Hardware,Low,Resolved,50.2,Agent A,5.0
T6091,2023-11-17,Security,Medium,Open,15.2,Agent C,
T6092,2023-08-06,Access,Critical,Resolved,1.3,Agent E,5.0
T6093,2024-04-12,Network,Medium,Open,24.1,Agent B,
T6094,2024-03-05,Software,Low,Resolved,54.2,Agent E,1.0
T6095,2024-01-09,Email,Medium,Resolved,9.5,Agent A,3.0
T6096,2023-10-10,Email,Medium,Resolved,42.0,Agent E,2.0
T6097,2023-10-13,Software,High,Escalated,9.2,Agent C,
T6098,2024-05-07,Network,Low,Resolved,32.1,Agent D,5.0
T6099,2023-08-19,Hardware,Critical,Resolved,2.3,Agent D,3.0
T6100,2024-04-26,Hardware,Critical,Open,1.8,Agent D,
T6101,2023-08-27,Hardware,Low,Escalated,49.9,Agent B,
T6102,2023-10-13,Access,High,Resolved,10.1,Agent E,1.0
T6103,2023-12-08,Hardware,Critical,Resolved,2.4,Agent E,4.0
T6104,2024-03-02,Security,Low,Resolved,70.1,Agent C,1.0
T6105,2023-07-19,Software,Low,Resolved,38.8,Agent A,4.0
T6106,2023-11-29,Hardware,Low,Resolved,74.5,Agent E,1.0
T6107,2024-02-27,Security,Critical,Resolved,1.9,Agent D,4.0
T6108,2024-01-01,Software,Critical,Resolved,1.6,Agent D,4.0
T6109,2024-06-08,Software,Medium,Resolved,28.6,Agent E,3.0
T6110,2023-09-17,Security,High,Resolved,0.5,Agent B,3.0
T6111,2023-08-17,Network,High,Resolved,5.7,Agent E,4.0
T6112,2023-12-14,Network,Low,Resolved,33.4,Agent C,2.0
T6113,2024-05-26,Security,High,Resolved,12.9,Agent D,4.0
T6114,2024-03-20,Email,Critical,Resolved,2.3,Agent D,1.0
T6115,2024-03-14,Email,High,Open,5.2,Agent E,
T6116,2024-03-04,Software,Low,Resolved,42.2,Agent B,3.0
T6117,2023-12-10,Software,Medium,Resolved,20.8,Agent C,3.0
T6118,2024-03-14,Software,High,Escalated,8.2,Agent D,
T6119,2024-06-14,Access,Low,Resolved,40.0,Agent B,3.0
T6120,2023-09-29,Hardware,Medium,Resolved,14.1,Agent A,4.0
T6121,2023-07-19,Access,Low,Resolved,92.7,Agent D,2.0
T6122,2023-07-23,Security,Critical,Resolved,1.3,Agent A,2.0
T6123,2023-11-17,Access,Medium,Open,25.0,Agent A,
T6124,2024-02-22,Email,Critical,Resolved,0.9,Agent C,1.0
T6125,2024-04-07,Security,Critical,Resolved,2.0,Agent A,2.0
T6126,2023-07-23,Security,Low,Resolved,25.5,Agent E,1.0
T6127,2023-08-25,Access,Medium,Resolved,20.0,Agent A,3.0
T6128,2024-05-05,Hardware,Low,Open,40.9,Agent D,
T6129,2023-10-11,Access,Critical,Escalated,1.1,Agent A,
T6130,2024-04-27,Email,Critical,Resolved,3.1,Agent A,1.0
T6131,2023-12-18,Access,High,Resolved,7.6,Agent A,4.0
T6132,2024-06-26,Access,Critical,Resolved,2.5,Agent A,5.0
T6133,2024-04-29,Access,Low,Resolved,73.7,Agent D,2.0
T6134,2023-12-15,Email,Low,Resolved,49.5,Agent E,3.0
T6135,2024-01-14,Access,High,Resolved,8.9,Agent D,3.0
T6136,2024-03-24,Security,High,Resolved,4.7,Agent A,3.0
T6137,2024-02-15,Access,Medium,Resolved,34.1,Agent D,2.0
T6138,2023-12-05,Access,Low,Resolved,35.0,Agent E,5.0
T6139,2024-06-13,Email,Low,Resolved,75.3,Agent E,3.0
T6140,2023-08-26,Software,Critical,Open,0.5,Agent E,
T6141,2024-05-23,Security,Low,Resolved,42.1,Agent E,3.0
T6142,2023-08-01,Security,Medium,Resolved,27.3,Agent D,3.0
T6143,2023-12-05,Network,Low,Resolved,63.5,Agent A,4.0
T6144,2024-02-23,Software,High,Resolved,9.5,Agent A,4.0
T6145,2023-08-25,Software,Low,Open,26.8,Agent B,
T6146,2024-02-28,Network,Medium,Resolved,32.0,Agent B,5.0
T6147,2023-11-02,Security,High,Resolved,8.4,Agent B,1.0
T6148,2023-09-23,Hardware,Medium,Resolved,0.5,Agent D,2.0
T6149,2024-05-19,Network,Medium,Resolved,26.0,Agent B,2.0
T6150,2023-10-27,Email,High,Open,0.5,Agent A,
T6151,2024-01-04,Email,High,Resolved,12.9,Agent A,3.0
T6152,2023-11-12,Hardware,Medium,Open,41.2,Agent A,
T6153,2023-07-20,Access,Low,Resolved,23.9,Agent A,2.0
T6154,2024-04-05,Software,Critical,Resolved,2.4,Agent C,3.0
T6155,2023-09-11,Email,Low,Resolved,51.6,Agent A,4.0
T6156,2024-05-06,Access,Medium,Resolved,11.4,Agent A,4.0
T6157,2023-07-12,Software,Medium,Resolved,37.2,Agent B,3.0
T6158,2024-01-31,Hardware,Low,Open,49.6,Agent C,
T6159,2023-09-11,Hardware,Medium,Resolved,34.0,Agent E,5.0
T6160,2024-02-11,Network,Medium,Open,37.7,Agent C,
T6161,2024-01-10,Security,Critical,Resolved,2.3,Agent E,3.0
T6162,2023-10-27,Access,High,Resolved,11.9,Agent E,4.0
T6163,2024-06-21,Email,Medium,Resolved,24.5,Agent C,2.0
T6164,2024-04-27,Software,Medium,Resolved,32.3,Agent A,3.0
T6165,2023-11-07,Security,Low,Resolved,46.6,Agent C,2.0
T6166,2024-03-27,Hardware,High,Resolved,10.1,Agent C,5.0
T6167,2024-03-08,Security,Critical,Resolved,1.0,Agent E,4.0
T6168,2023-12-05,Software,Critical,Resolved,1.7,Agent C,4.0
T6169,2023-07-20,Access,Medium,Resolved,23.9,Agent A,5.0
T6170,2023-08-25,Hardware,Low,Open,51.1,Agent D,
T6171,2024-04-26,Hardware,Medium,Resolved,19.8,Agent A,4.0
T6172,2023-10-30,Access,Critical,Resolved,1.4,Agent D,4.0
T6173,2023-08-31,Network,Medium,Resolved,33.4,Agent D,3.0
T6174,2024-06-07,Security,High,Resolved,7.9,Agent E,5.0
T6175,2023-09-24,Network,Medium,Open,15.2,Agent A,
T6176,2023-11-18,Network,Critical,Resolved,1.9,Agent A,1.0
T6177,2024-05-04,Software,Critical,Resolved,1.7,Agent C,4.0
T6178,2024-01-01,Software,Critical,Resolved,1.4,Agent E,2.0
T6179,2024-05-02,Hardware,Low,Resolved,51.0,Agent E,4.0
T6180,2023-07-08,Access,Critical,Resolved,2.8,Agent C,2.0
T6181,2023-09-13,Access,Low,Resolved,44.5,Agent B,5.0
T6182,2023-12-26,Email,Critical,Resolved,2.2,Agent A,1.0
T6183,2024-05-29,Access,Critical,Open,2.6,Agent C,
T6184,2024-05-16,Access,Low,Resolved,43.4,Agent A,4.0
T6185,2024-04-29,Access,Medium,Resolved,25.6,Agent E,5.0
T6186,2024-04-19,Software,High,Resolved,7.7,Agent D,1.0
T6187,2024-04-13,Network,Critical,Resolved,2.0,Agent E,5.0
T6188,2024-06-02,Software,Medium,Open,28.1,Agent E,
T6189,2023-08-21,Hardware,Critical,Resolved,2.7,Agent A,3.0
T6190,2023-12-21,Network,Critical,Resolved,1.1,Agent B,2.0
T6191,2023-12-25,Access,Low,Resolved,54.8,Agent D,1.0
T6192,2024-05-07,Security,Medium,Resolved,14.6,Agent A,3.0
T6193,2024-03-13,Hardware,Medium,Resolved,34.5,Agent B,2.0
T6194,2024-01-15,Access,High,Resolved,3.6,Agent D,2.0
T6195,2023-08-15,Security,Critical,Resolved,1.6,Agent A,5.0
T6196,2024-05-24,Software,Low,Resolved,31.7,Agent A,4.0
T6197,2024-01-17,Email,Critical,Resolved,2.6,Agent D,3.0
T6198,2023-10-11,Security,High,Resolved,2.9,Agent B,5.0
T6199,2024-05-12,Software,Critical,Resolved,1.3,Agent D,4.0
